imageFile,relativePath,sizeBytes
18500_Black_Flat_Back-01.png,products/18500_Black_Flat_Back-01.png,7186593
18500_Black_Flat_Front-01_big_back.png,products/18500_Black_Flat_Front-01_big_back.png,5766747
18500_Dark Chocolate_Flat_Back-01.png,products/18500_Dark Chocolate_Flat_Back-01.png,6416899
18500_Dark Chocolate_Flat_Front-01_big_back.png,products/18500_Dark Chocolate_Flat_Front-01_big_back.png,5086363
2000_black_flat_front-01_right_chest.png,products/2000_black_flat_front-01_right_chest.png,2718036
2000_charcoal_flat_front-01_right_chest.png,products/2000_charcoal_flat_front-01_right_chest.png,3452915
5400_black_flat_back-01.png,products/5400_black_flat_back-01.png,2773316
5400_black_flat_front-01_right_chest.png,products/5400_black_flat_front-01_right_chest.png,3250428
C112_greysteelneonorange_full_front-01_right_chest.png,products/C112_greysteelneonorange_full_front-01_right_chest.png,5882692
C932_Black_Flat_Front-01_right_chest.png,products/C932_Black_Flat_Front-01_right_chest.png,3519471
CSV106_safetyyellow_flat_back.png,products/CSV106_safetyyellow_flat_back.png,5386740
CSV106_safetyyellow_flat_front_right_chest.png,products/CSV106_safetyyellow_flat_front_right_chest.png,5447138
CSV40_duckbrown_flat_front-01_right_chest.png,products/CSV40_duckbrown_flat_front-01_right_chest.png,9543643
CT104050_black_flat_front-01_right_chest.png,products/CT104050_black_flat_front-01_right_chest.png,5733746
CT104050_carharttbrown_flat_front-01_right_chest.png,products/CT104050_carharttbrown_flat_front-01_right_chest.png,12127301
F170_black_flat_back-01.png,products/F170_black_flat_back-01.png,3750734
F170_Black_flat_front-01_big_back.png,products/F170_Black_flat_front-01_big_back.png,3005693
G2400_Black_flat_back-01.png,products/G2400_Black_flat_back-01.png,3288776
G2400_black_flat_front-01_big_back.png,products/G2400_black_flat_front-01_big_back.png,3421327
G2400_charcoal_flat_back-01.png,products/G2400_charcoal_flat_back-01.png,4161554
G2400_charcoal_flat_front-01_big_back.png,products/G2400_charcoal_flat_front-01_big_back.png,3851838
G2400_darkchocolate_flat_back-01.png,products/G2400_darkchocolate_flat_back-01.png,3937760
G2400_darkchocolate_flat_front-01_big_back.png,products/G2400_darkchocolate_flat_front-01_big_back.png,3610684
K540_Black_Flat_Front-01_right_chest.png,products/K540_Black_Flat_Front-01_right_chest.png,3499674
NKDC1963_Black_Flat_Front-01_right_chest.png,products/NKDC1963_Black_Flat_Front-01_right_chest.png,6598839
PC78SP_JET BLACK_Flat_Front-01_right_chest.png,products/PC78SP_JET BLACK_Flat_Front-01_right_chest.png,3713907
TLJ763H_Black_Flat_Front-01_right_chest.png,products/TLJ763H_Black_Flat_Front-01_right_chest.png,7521842
TLJ763H_Duck Brown_Flat_Front-01_right_chest.png,products/TLJ763H_Duck Brown_Flat_Front-01_right_chest.png,9735298